ISBN,Title,Pub Date,Quantity,Status
9781797227849,In the Kusina: My Seasonal Filipino Cooking,2025-04-08,4,Preorder
9781984863188,Boustany: A Celebration of Vegetables from My Palestine,2025-07-15,8,Preorder
9781838669881,"Sunny Days, Taco Nights",2025-06-03,6,Preorder
9780593801789,Fat + Flour: The Art of a Simple Bake,2025-04-08,6,Preorder
9798886741438,Seasons of Greens: A Collection of New Recipes from the Iconic San Francisco Restaurant,2025-04-22,3,Preorder
9780593534847,Morgenstern's Finest Ice Cream: A Cookbook,2025-06-17,8,Preorder
9780593582084,"Salt, Sugar, MSG: Recipes and Stories from a Cantonese American Home",2025-03-18,4,Preorder
9781984861443,The Scarr's Pizza Cookbook: New York-Style Pizza for Everybody,2025-04-30,7,Preorder
9780593578971,"Kwéyòl/Creole: Recipes, Stories, and Tings from a St. Lucian Chef's Journey",2025-04-01,3,Preorder
9780525612285,"Arthurs: Home of the Nosh, A Big Personality Cookbook of Delicious Jewish Favorites",2025-05-06,4,Preorder
9780593234778,Ghana to the World: Recipes and Stories That Look Forward While Honoring the Past,2025-03-11,2,Preorder
9789401487832,The Chocolatier's Shop,2024-06-05,1,Preorder9781797227849,In the Kusina: My Seasonal Filipino Cooking,2025-04-08,1,Preorder
9781984863188,Boustany: A Celebration of Vegetables from My Palestine,2025-07-15,1,Preorder
9781984863188,Boustany: A Celebration of Vegetables from My Palestine,2025-07-15,1,Preorder
9781838669881,"Sunny Days, Taco Nights",2025-06-03,1,Preorder
9780593801789,Fat + Flour: The Art of a Simple Bake,2025-04-08,1,Preorder
9798886741438,Seasons of Greens: A Collection of New Recipes from the Iconic San Francisco Restaurant,2025-04-22,1,Preorder
9780593534847,Morgenstern's Finest Ice Cream,2025-06-17,1,Preorder
9780593582084,"Salt, Sugar, MSG: Recipes and Stories from a Cantonese American Home",2025-03-18,1,Preorder
9798886741438,Seasons of Greens: A Collection of New Recipes from the Iconic San Francisco Restaurant,2025-04-22,1,Preorder
9781838669881,"Sunny Days, Taco Nights",2025-06-03,1,Preorder
9781984861443,The Scarr's Pizza Cookbook: New York-Style Pizza for Everybody,2025-03-25,1,Preorder
9781984863188,Boustany: A Celebration of Vegetables from My Palestine,2025-07-15,1,Preorder
9780593578971,"Kwéyòl/Creole: Recipes, Stories, and Tings from a St. Lucian Chef's Journey",2025-04-01,1,Preorder
9781984861443,The Scarr's Pizza Cookbook: New York-Style Pizza for Everybody,2025-03-25,1,Preorder
9781984861443,The Scarr's Pizza Cookbook: New York-Style Pizza for Everybody,2025-03-25,1,Preorder
9780593578971,"Kwéyòl/Creole: Recipes, Stories, and Tings from a St. Lucian Chef's Journey",2025-04-01,1,Preorder
9780525612285,"Arthurs: Home of the Nosh, A Big Personality Cookbook of Delicious Jewish Favorites",2025-05-06,1,Preorder
9780593534847,Morgenstern's Finest Ice Cream,2025-06-17,1,Preorder
9780593582084,"Salt, Sugar, MSG: Recipes and Stories from a Cantonese American Home",2025-03-18,1,Preorder
9781984863188,Boustany: A Celebration of Vegetables from My Palestine,2025-07-15,1,Preorder
9781984863188,Boustany: A Celebration of Vegetables from My Palestine,2025-07-15,1,Preorder
9780593534847,Morgenstern's Finest Ice Cream,2025-06-17,2,Preorder
9780593582084,"Salt, Sugar, MSG: Recipes and Stories from a Cantonese American Home",2025-03-18,1,Preorder
9780593234778,Ghana to the World: Recipes and Stories That Look Forward While Honoring the Past,2025-03-11,1,Preorder
9781838669881,"Sunny Days, Taco Nights",2025-06-03,1,Preorder
9781797227849,In the Kusina: My Seasonal Filipino Cooking,2025-04-08,1,Preorder
9780593534847,Morgenstern's Finest Ice Cream,2025-06-17,1,Preorder
9781838669881,"Sunny Days, Taco Nights",2025-06-03,1,Preorder
9780593801789,Fat + Flour: The Art of a Simple Bake,2025-04-08,1,Preorder
9781984861443,The Scarr's Pizza Cookbook: New York-Style Pizza for Everybody,2025-03-25,1,Preorder
9781984861443,The Scarr's Pizza Cookbook: New York-Style Pizza for Everybody,2025-03-25,1,Preorder
9780593534847,Morgenstern's Finest Ice Cream,2025-06-17,1,Preorder
9780593801789,Fat + Flour: The Art of a Simple Bake,2025-04-08,1,Preorder
9780593534847,Morgenstern's Finest Ice Cream,2025-06-17,1,Preorder
9780593801789,Fat + Flour: The Art of a Simple Bake,2025-04-08,1,Preorder
9781838669881,"Sunny Days, Taco Nights",2025-06-03,1,Preorder
9780593801789,Fat + Flour: The Art of a Simple Bake,2025-04-08,1,Preorder
9781984861443,The Scarr's Pizza Cookbook: New York-Style Pizza for Everybody,2025-03-25,1,Preorder
9798886741438,Seasons of Greens: A Collection of New Recipes from the Iconic San Francisco Restaurant,2025-04-22,1,Preorder
9781984863188,Boustany: A Celebration of Vegetables from My Palestine,2025-07-15,1,Preorder
9780593582084,"Salt, Sugar, MSG: Recipes and Stories from a Cantonese American Home",2025-03-18,1,Preorder
9781984863188,Boustany: A Celebration of Vegetables from My Palestine,2025-07-15,1,Preorder
9780525612285,"Arthurs: Home of the Nosh, A Big Personality Cookbook of Delicious Jewish Favorites",2025-05-06,1,Preorder
9781984861443,The Scarr's Pizza Cookbook: New York-Style Pizza for Everybody,2025-03-25,1,Preorder
9781838669881,"Sunny Days, Taco Nights",2025-06-03,1,Preorder
9780525612285,"Arthurs: Home of the Nosh, A Big Personality Cookbook of Delicious Jewish Favorites",2025-05-06,1,Preorder
9789401487832,The Chocolatier's Shop,2024-06-05,1,Preorder
9780525612285,"Arthurs: Home of the Nosh, A Big Personality Cookbook of Delicious Jewish Favorites",2025-05-06,1,Preorder
9780593234778,Ghana to the World: Recipes and Stories That Look Forward While Honoring the Past,2025-03-11,1,Preorder
9780593534847,Morgenstern's Finest Ice Cream,2025-06-17,1,Preorder
9781797227849,In the Kusina: My Seasonal Filipino Cooking,2025-04-08,1,Preorder
9780593578971,"Kwéyòl/Creole: Recipes, Stories, and Tings from a St. Lucian Chef's Journey",2025-04-01,1,Preorder
9781797227849,In the Kusina: My Seasonal Filipino Cooking,2025-04-08,1,Preorder
9781984863188,Boustany: A Celebration of Vegetables from My Palestine,2025-07-15,1,Preorder
9780593801789,Fat + Flour: The Art of a Simple Bake,2025-04-08,1,Preorder
